{
    "sim_res": 1000,
    "sim_size": 0.5,
    "rx_alt": 1000.0,
    "rx_diameter": 0.1,
    "wvl": 1.55e-06,
    "w0": 0.017,
    "power": 0.05,
    "n_phase_screens": 10,
    "max_turb_alt": 20000,
    "min_turb_alt": 100,
    "r0": [
        0.07926919334766712,
        0.07926919334766712,
        0.07926919334766712,
        0.07926919334766712,
        0.07926919334766712,
        0.07926919334766712,
        0.07926919334766712,
        0.07926919334766712,
        0.07926919334766712,
        0.07926919334766712
    ],
    "l0": [
        0.01,
        0.01,
        0.01,
        0.01,
        0.01,
        0.01,
        0.01,
        0.01,
        0.01,
        0.01
    ],
    "L0": [
        50,
        50,
        50,
        50,
        50,
        50,
        50,
        50,
        50,
        50
    ],
    "screen_alt": [
        100.0,
        188.88888888888889,
        277.77777777777777,
        366.66666666666663,
        455.55555555555554,
        544.4444444444445,
        633.3333333333333,
        722.2222222222222,
        811.1111111111111,
        900.0,
        1000.0
    ],
    "wind_directions": [
        0,
        0,
        0,
        0,
        0,
        0,
        0,
        0,
        0,
        0
    ],
    "wind_speeds": [
        4.0261625570712845,
        9.359077474266117,
        0.5072783165313377,
        4.539147813982696,
        1.5430035858725222,
        3.79483526241979,
        9.734257611722343,
        5.309612581077655,
        2.6476419581061563,
        6.675371729115379
    ]
}